user_id,revenue
00026e14-e302-4772-b691-8b0e67ab0c32,49.800000000000004
0047993c-3cff-4ab4-a34a-e376f823c282,2.49
00f7a8b6-9dd5-4806-bc31-69c8bc68bb24,2.49
0124f243-d4d0-4971-b997-1e6b79c866f0,7.470000000000001
0126e40c-da09-4e28-b687-457716e6ccfd,2.49
0132096c-9119-4324-bf0c-0c576ca9bb52,2.49
01ad9dc4-e3db-4ec8-88d0-ab03bead047e,4.98
027c73fe-ac43-4ce4-820d-05a927342c7e,9.96
02e3632d-d05d-4214-8649-4c522dc99c7f,24.900000000000002
034b0cde-1ee3-4ddc-b6e0-72af01bd8ec6,39.84
036d3e6e-c8e8-4740-8172-37ded5d55afd,4.98
0387ed10-ae64-404f-9033-3f970af8522b,4.98
03cd5354-02b9-48ba-a7be-c6e822578c34,2.49
03f653dd-f1fa-4293-ba3d-e3b1fe3551fd,37.35
042c679b-ce7e-487e-9692-d8d3e7049e9f,49.800000000000004
043c2980-5542-4326-9181-23e1833db61d,17.43
0457bda2-54b4-4022-975b-fa595dc034bd,44.82000000000001
055b9fe9-6d2e-46bc-adc5-af309983f097,2.49
058b207f-7f2c-4af3-a490-964149a0c647,9.96
058ba689-fe24-461e-a74e-a86b7603c1ec,12.450000000000001
0702590a-7648-43cb-8a9f-0cb24e573e23,2.49
070ad68f-be3b-45bd-a0a9-38270c7a2ff1,4.98
077a4ba0-1952-413b-b9ec-6cfa6c881ac0,4.98
07a85a38-67ab-4f5f-843e-3964ed60e4d4,12.450000000000001
07b0747d-ca23-4b32-a6f5-dcff7c363ef4,69.72
07cbdecf-e709-440f-9253-ec7e20a47a41,9.96
07dd9e94-5a32-40a4-b01e-5104ac320ce7,39.84
07df6dbb-2b20-4dec-9da1-16be8732146c,42.330000000000005
08afe442-5038-4d5c-bc13-0d5c21e8122d,44.82000000000001
08f7fd59-b374-4fa9-9a8f-a730d07790ce,2.49
090be155-c257-43d6-8bbe-85a9c60cd3ed,22.410000000000004
09c2309b-f9bf-4edc-a215-8d4eb173cc62,2.49
0ab1fcc9-7d01-41ad-8903-56ac11cc1be5,9.96
0b12727c-3fe7-4d39-b678-76df2bc5c8df,17.43
0b8002e2-5dda-4032-8598-8a9653ad1412,12.450000000000001
0bb219b2-a5a7-4423-9630-6c306e260eb9,9.96
0bb7a7a4-5fd7-45df-b56d-e2f42c5daa79,34.86
0bc6a0ba-6bcb-4b33-ba5f-87aa493e5ccb,4.98
0bd94ce2-bcda-43a7-8a4d-bc96a55e26a1,2.49
0bf79631-29f5-4fe8-8e38-d2774cc2b8b6,69.72
0c65fe16-0a56-4405-a4b4-a9ca92cf445d,2.49
0c70eaca-8a8d-417b-8390-33baede0905c,27.39
0c9f652d-4798-4940-925a-1b4e5e6e1bec,2.49
0cfbcf67-6c4e-497c-b9c4-f01ad831465b,27.39
0d41af33-e835-4b29-bb3e-d708bc31c341,2.49
0d90c83f-3efc-41b2-890e-dc0d9aaabb5b,47.31
0de16200-3ade-4ef9-bc15-783e33d628a6,7.470000000000001
0df97839-15ac-4e6d-ac32-9887742393e0,19.92
0e2e3798-2a82-4daf-b286-2791d461d71e,2.49
0e644b2c-f29b-4188-97dc-c6ed66ec145c,2.49
0e685c2d-27f1-4ac6-8893-681562cd9971,24.900000000000002
0ec843ad-c68d-4e94-b1fb-9c6b16d4ca07,4.98
0ece47c9-2cd6-4365-8248-96ae00ac23c8,29.880000000000003
0ecfd2cd-2857-476f-9eb1-f48a20a2da10,4.98
0f5cd892-1089-4e46-b281-37b4388f163e,2.49
0f63f1fa-3529-4321-99b8-1a670cf373dc,9.96
0f7f238e-49c3-4ecc-8a29-8b4ad81c79c3,4.98
0f96b5d2-8d63-4936-b799-9383a126c487,17.43
0fd0bae7-2fd8-4c69-be7e-384960cdac7c,2.49
100f13c6-45fd-490c-a4be-58f9b04a606d,12.450000000000001
1079f6b0-29e8-4b64-8a5b-5c5943c07ccb,42.330000000000005
10a1cfea-0b96-405d-8b5c-cc9c35c64fc3,12.450000000000001
114390c1-9e96-4644-b6e0-a5282457500c,9.96
11a15bb7-d17a-4a60-bed1-84410c2c2233,22.410000000000004
11e255be-23ab-4147-a634-4f612d63f82f,77.19000000000001
126741d6-7c63-4bdc-83e8-d511e7266aec,42.330000000000005
1292720e-a7f7-44da-ab2d-1e16d2280878,19.92
138533a5-f157-4a7b-9b44-640074ee1851,24.900000000000002
13cdef11-152e-49f0-a2e3-643c4a4f99f1,49.800000000000004
13d509b9-4e29-4cda-8c26-8f9b2d69dea5,2.49
1460d678-c780-43ab-b7e9-87a2e23701f6,12.450000000000001
1472b25f-751f-4439-9f7e-bcdab3b294df,4.98
14e62a3e-2761-4f36-b6c5-cd6666fe6a44,17.43
14fe95b1-98f1-42d5-a599-33d3c5f3d1f0,2.49
153ab7ca-c23e-4264-a67f-226b4eda72b6,14.940000000000001
15651d40-5e1a-45f9-aa61-3939aa265767,7.470000000000001
15c8f10e-0df0-4019-93f1-0e72400bff16,47.31
15d785ff-563d-41a1-91cd-fe8082fe451a,2.49
15e25102-ac8e-40a9-91e5-01b7a74a56d9,47.31
15e5bd03-0e33-40ea-b382-3455029cd8d0,2.49
15fe6c31-a87b-4d43-9fdf-2642080525bf,77.19000000000001
160e56bd-1734-4f3f-946b-c1bc1d5c0c06,42.330000000000005
16390888-8ae5-4b48-9e27-29adfc0e3d26,9.96
16e46b23-b765-4465-a6e1-a3aa15ff62fe,2.49
175b294c-d4f1-48ff-8dad-e4aef1c80c49,2.49
17892878-f996-4862-ae29-1a767cf1762f,2.49
17954cfc-8de2-4058-bcd8-e46f674c6631,2.49
17c3a76f-4e9e-4777-94e8-c744e79a8b5e,9.96
17cd83a0-3216-4e36-8467-7b812947513a,2.49
1806efb1-7ef2-46b1-8c53-38912fb4a2a3,4.98
1830f6c1-987d-410e-831e-4e7c79c248df,19.92
184574a6-77ee-4a79-85a1-db37468b69c1,52.290000000000006
188b2848-4cd7-45dd-95b5-acd5bb35b465,7.470000000000001
189acb66-89c3-4b2a-ba25-0c6b9a8d5407,37.35
18df4e3f-36e1-4d4d-8d12-5479e5cc5c74,22.410000000000004
18e8be13-1dc5-4434-9717-5c2b020bfb40,4.98
190cd08b-2ff0-4f9b-8e20-8483d9ae4dcb,9.96
1911ae54-c6c3-472a-bc6a-70f84344cab7,2.49
194369a9-db06-4b8b-85dc-13276eac87ef,7.470000000000001
197f5984-ceee-4d07-b293-0fae8e8784f8,7.470000000000001
1995f0b2-8e5e-42dc-8b64-430ff331ae88,4.98
19a3a92b-26a2-4257-b1fe-901895901e4c,64.74000000000001
19bedd28-5096-496d-850b-bdd694b4ee53,42.330000000000005
1a2ba92a-c4f6-463c-8bfc-131ed09f62d9,54.78
1a30ad79-447d-4063-9d21-e6b3702e8e86,2.49
1a6fa175-5681-4056-90db-5aa9ba5834b9,2.49
1a8b5c78-042a-40b0-8b37-cc0238db1a5f,12.450000000000001
1ae75e9a-4d1c-424f-bd77-e641f33f27df,2.49
1b3c596e-2f1c-47f5-a132-7d6913a36ad1,57.27
1c1e532c-ba50-4a41-8bfe-ed76cf0fa18b,24.900000000000002
1c51b68c-9fb3-4184-a940-cfc241abdbe1,4.98
1c53676a-e942-4f83-95f1-36f004a03af6,4.98
1cad1976-d83b-46e7-9e62-7244c02077f0,2.49
1cf1e660-eb54-4264-a183-0f0682ba0866,4.98
1d09647d-7813-495a-9491-0208a1e4a4db,57.27
1d266714-2f41-4df7-91ec-7e6fd3593818,4.98
1d9e0d13-6651-4975-886e-2867d1e1c4fa,7.470000000000001
1e14f7f4-3106-4557-8645-55351e0f99a7,27.39
1e2d5fb6-ffca-4d6a-8ac3-323fd7191296,12.450000000000001
1e4773d3-f7ec-450d-a6a0-4ea3a1baf7f8,9.96
1e9eec5a-c023-415c-8b38-cf7ce12a61f0,4.98
1f18cf35-6075-4ebd-92ac-afba6ff784bd,19.92
1f22ada0-5914-4790-ab72-8a87cd36883c,9.96
1f5dd462-bfb5-42d6-b8a4-0050de46e84c,2.49
1f79eec4-54f9-436c-80db-d82c525ceda5,2.49
1ff778ea-8ae1-48b0-aacf-4894d9358fe9,2.49
20349300-4878-4c65-8b29-df0fbf8d3ba6,2.49
20ad8e32-dda9-49b6-b600-4ea361277f41,44.82000000000001
20c1d09e-d18c-47d9-81e2-7b14b22f7897,67.23
20c5c3c1-368f-44c9-8f87-9f3124b7f717,19.92
21b78117-85d5-403e-8a5e-96551ca6dcab,2.49
21c719b8-3e97-420d-9a74-f2aa5add85a5,7.470000000000001
21de353f-902c-4c71-9938-14a48ad1b691,2.49
21fabc10-c78d-4c9b-bb06-8cc05bd59830,2.49
229b31ca-7b12-4bf1-863e-24e61bafebd1,7.470000000000001
22a46d7a-e0e0-403a-b9d1-42880393b5e8,2.49
22bb4b8c-4c7d-405f-b479-bfd9f62f53c3,2.49
2313a29b-4bd4-44d2-9b1e-988af96bacc6,12.450000000000001
23141c62-d28b-4c1c-aa35-585f8cb2e248,7.470000000000001
23469dca-ffc4-4370-9de1-6e3b1724b49b,2.49
23788d65-a681-46cd-ad10-737c118e1092,12.450000000000001
239841b1-8665-4aed-9f16-55932305cb34,2.49
23e476af-639f-4312-8eb4-e86ec50c3020,7.470000000000001
23f36627-0491-4e1a-9f7e-aef0a5f6a006,9.96
24212f40-9d05-4d1a-a5c9-246a182820b8,2.49
244b2486-21fe-45a6-b9b9-85763ce62c05,7.470000000000001
24d32ecf-bec0-451b-833e-9f31856558cf,2.49
250814e4-6595-434d-aab5-e9f6efde7e19,37.35
265ba0dc-dbed-44b5-99fa-04473292b14d,29.880000000000003
26d82fc7-f193-47cf-9375-e88aa79ffb59,2.49
27047c77-93a1-40c6-aa51-0ae4816a0f1d,4.98
27db5475-ac51-438a-949b-2efbade587c6,2.49
27f93cad-3bec-45f8-ad5a-b98e8f0e6cc4,2.49
2834891b-48fb-40d9-b96b-3ec8049d377f,9.96
28d6732f-ba2b-487c-94a0-236092f401e3,19.92
293a607d-459f-4583-a55f-93e346c448b7,7.470000000000001
295c8a47-a4f9-4844-92d1-938a60110cb7,12.450000000000001
29891a22-2a4c-47b8-bbe9-449cba75ef6d,4.98
298f1162-5163-4d24-b78a-14bd7e2bda95,44.82000000000001
29bb4e48-2643-49e5-9178-d780cca09b31,2.49
29c9db9e-3cda-45f0-92ca-25163a9d6eef,9.96
29e85bd0-40e9-4c74-8d00-ef8fea820a8a,2.49
2a0993ad-7ea4-48cf-a4c1-256b19ba491a,7.470000000000001
2ad1b4e0-f1e2-41fa-a87e-ed0de4423f84,9.96
2b6912d5-9ed7-49c2-9323-2f38d1c396b6,2.49
2bcda9bf-2ba8-4b99-8bdc-862d198d306b,9.96
2bf7f039-9a37-494e-9f22-1f63e6fe2801,19.92
2c22a8f2-4961-4c84-9130-0ac14e5c575d,4.98
2c9ad496-4ac9-4616-92f2-2306453b214c,2.49
2caeb6cc-53a9-4dff-a86a-4dc75dc30d8b,2.49
2cb14ffb-8449-4ac3-ae3b-c12a619b72ca,4.98
2dc238c0-2b4a-47f7-a65b-ebcdce6dee7f,7.470000000000001
2ddb810f-a87e-4611-a040-90501c140176,39.84
2e0ff8ec-531b-46d3-9369-94c5f07afaf6,2.49
2e706052-424c-4efb-92aa-6d2f9d012639,9.96
2f3516fb-5383-4e84-9ef0-1114eec81ef6,39.84
2f413770-014b-428d-8cc6-8d32d95f8488,2.49
2f4f4d1c-27fe-425f-bdb2-be4de1104d41,2.49
2f651d61-a6c8-4dd9-bc25-a23b8d79611a,2.49
2f8e09b1-fddf-49e3-a70b-c30df666919e,49.800000000000004
2fb7b40f-626c-45b8-8f48-c9ec9d43dae9,12.450000000000001
2fde6dc0-66c9-43f1-afec-ce55663df067,14.940000000000001
308b9c7f-1b9b-4b68-bee5-28c5af1b1be5,4.98
30d58abc-4acc-483f-9628-0c43bcf777ff,2.49
30ddb246-058d-4be2-9b14-0f259ddbb3c3,22.410000000000004
30f02d97-360c-49e5-a051-a09363e9060a,12.450000000000001
31025599-0f0f-442a-a25e-9838a607b50f,4.98
3110ec23-c91f-4137-8238-1526dec3004c,2.49
31572f5d-5477-4863-ae17-94bee9fed052,7.470000000000001
31cee2c2-b55b-4412-a3e2-36e357cd4870,7.470000000000001
322991cd-91a6-4280-9370-302ba502b0ba,19.92
3238f417-58a0-4fd1-a05d-d235d12519b2,54.78
3259ce49-5d29-4215-98ff-e142f5d873bc,9.96
342b4422-0bdf-4fc2-b52b-9fb1ceeeca5d,2.49
344ed645-d698-4041-a692-80fe639159a7,2.49
34d287a5-b678-41ac-bc68-1dc5b1275d46,14.940000000000001
34e98fbb-88c0-4b26-a3da-a65e2cdffc68,2.49
3512ad22-37e7-45fc-9c4b-a6a8c4198ad8,2.49
35935d27-8db4-4127-8982-36b77d498c1e,9.96
35a74e42-1da4-4729-98a4-1f6dc55f3d7c,2.49
35e72b2a-376c-4bc5-ab25-76eddf424cdf,9.96
35f2b720-a980-42e5-aba4-8e362de06a25,2.49
3614faf8-7ff7-4f25-8669-cade5a701972,4.98
36365f33-f9a5-4e3c-bd76-757c3cd29cc4,2.49
3687d980-4ba3-4a20-82cf-36ceac8ce41e,49.800000000000004
36ded031-3e96-43a7-b8f7-dc9993fe5def,64.74000000000001
37b4c293-af7d-4ef3-ae0c-6eded10e8f61,2.49
387d505b-2f1d-4f3a-825f-6b26a668e214,67.23
38b5a3e3-4e2b-491c-92e7-ac2d245b099d,2.49
39213ae6-fe4d-4660-bc1a-fbb8d5091aab,2.49
397cc67c-0126-4b40-b588-ce1d5979efbc,2.49
39ae90e6-1d01-4862-905e-61ada3d4c8f6,4.98
39b2c067-bd93-4f6c-a427-f9785dba91cb,4.98
39b53334-6754-4d64-b12d-4a36ad518b5c,2.49
39cec1dc-0f1c-408f-82b5-3b24bf732bd6,2.49
3a35f920-67b9-4379-b66e-67367520d148,2.49
3a75466d-d494-4e13-9e61-3df0c37b5001,17.43
3b0431ae-d253-4773-88d0-52008a036c4c,52.290000000000006
3b6c0a7f-5a15-4c3e-8db0-abd1e8a0dd61,2.49
3b84f0f1-26ba-4b45-b257-fd9c5bf364d8,2.49
3bd51209-4c0b-4281-9974-925795ece6e6,32.370000000000005
3c3cb04a-6652-4f19-a1cd-373ade9741f1,4.98
3c72b25c-90a3-4a94-93d1-84bdeab7a7e9,67.23
3c8259cd-935a-4a8a-82b3-127bd3466d54,2.49
3cb5db31-73d2-4bde-bed5-816567b616aa,7.470000000000001
3cb75ebf-9f8c-42c6-b138-417737e45066,9.96
3cbdc83f-3c6e-4a46-85f3-4998ec4a3015,2.49
3cc72bd5-18e8-45de-902e-c7c5809bf524,2.49
3cca0186-b0b2-4a8e-8b6c-538a2a7deeb0,4.98
3d3c6185-77d4-4b18-83ee-7e49eeb9bbf8,4.98
3d4e07b3-503d-4676-985e-d105ff52af1a,4.98
3db9f7c4-3e71-47a5-9456-381931251657,2.49
3e3e4978-9723-418f-b063-471c884fcb03,7.470000000000001
3e49a320-19db-4bd7-8e71-f024537c0bc1,4.98
3e70d758-6405-4cb6-87b7-3dcf633d084a,4.98
3f03a2ca-9fb4-4382-8c5b-c4a110cdacbf,7.470000000000001
3fc07550-b003-42fc-b0ea-c325cf134998,4.98
3fcbd10d-3391-4622-b6bf-8dbc2a1cb8eb,49.800000000000004
4025ae03-20e9-4754-bf1e-eb8fccf9ad77,29.880000000000003
4054aa2d-9db2-408a-a9a9-bfe58ebf98b9,7.470000000000001
407f44f7-bdfa-4d2e-b64e-75ef67684d3b,2.49
40931e9b-2d67-4caa-bd27-077a6322ed8b,24.900000000000002
40a1f55b-83f9-4d8c-ba67-1e0be0ab6eb4,4.98
412fabd4-f1c1-4ef8-b695-35a144be5825,14.940000000000001
41b78375-4bf1-42b1-9906-ff783c673e34,2.49
41e71062-c41e-4e91-aaa7-9c53f35af2f1,47.31
42325dd4-f83d-4706-ac09-330874a768c7,12.450000000000001
42541248-8b67-4374-9e92-913b8c67161a,2.49
4268664a-91e8-4def-9f6e-41fca38e4518,32.370000000000005
42c9dd93-14d1-4a0a-a073-eab1a159b238,4.98
430f1c2e-111b-4be4-bf19-ad1cffbaacad,24.900000000000002
43423c06-ffdc-4d91-80b2-a542d8c4c39b,9.96
43be8c04-1a6f-4ff7-91f3-ae3b9cf5eeee,2.49
43cdf717-e030-4b9a-86f4-9daf9574f7ad,4.98
4482dfaa-d166-4bc5-a748-2da7603612e2,7.470000000000001
44b65620-7cd2-4fbb-a987-b41a50f8dfdc,2.49
44d8571e-fb85-4845-99da-b6ae6ad6251b,2.49
44e5dd4f-38fe-494a-9c05-f5d263dbecbe,4.98
4508c4bd-d217-4b6b-9268-0514de2f4955,2.49
45284b3b-9c09-4fb5-a58a-0aa08efa231b,2.49
4575f0ea-9f92-43c0-817b-01bc28e1b718,24.900000000000002
4598f99b-41b0-4d06-bd12-deaecbc27579,17.43
47232b4b-ceda-486a-b10c-d6c3864d325b,19.92
472c7802-9548-48b1-b992-5c3a63cf1a10,2.49
473d4346-fb0c-476b-8e1a-323f8c349b55,2.49
4787a034-8f77-4eda-ab68-11879ce9e615,2.49
47bd506a-561a-4c25-89b7-06efa58808c5,2.49
47dc95f0-0e69-41db-8deb-c7e2a05edb9a,7.470000000000001
47f2f614-7cfe-440b-80df-001e2baea6ee,22.410000000000004
485157ce-af67-42b9-bf08-95794a649a60,2.49
486abaee-60d9-48c7-9b56-38729aaad6cc,22.410000000000004
48ee0637-72fc-45c9-aa7a-4b4cd4e7fced,2.49
49be4d3c-a971-4ad2-bc56-3e4c01ff2e96,2.49
49d150d1-4582-4b65-90ba-e85d986683ac,14.940000000000001
4a2e62aa-5e05-4635-b0b8-b44c4452b6b5,42.330000000000005
4a2e7c77-a4cf-4f23-b1a9-06a07aa25d12,2.49
4a47f16e-576d-4892-89aa-7b2f69d51e90,2.49
4abb94c7-b1a5-41ac-9994-793fa8dc8125,9.96
4ad5007e-0867-4fdc-9a33-5b232b3ff8f4,12.450000000000001
4aed1d29-b6e7-45cc-9f51-0eb365f32055,9.96
4af6784f-0891-40c4-8f81-2f6626d1e867,2.49
4b1b3b38-57b0-401b-ae79-62e7601c29f7,19.92
4b34e5c4-ced5-4994-ba84-2e43bf11c87e,37.35
4b6a413a-4a2c-4355-99cf-356c6dc36ea7,2.49
4bbeef88-cfe8-40db-b70c-a8d59775af56,34.86
4bc2b366-d12f-4eef-9a26-2813a9ec78e0,12.450000000000001
4bcee688-f0b6-469c-939b-fe665c87a960,7.470000000000001
4c68177c-28c1-4a5a-8f30-bfb1390e91f8,4.98
4cd670c7-07c2-4227-8d05-fb0cbaaa6150,2.49
4cd6db36-e1f0-4213-8844-2e763cad602c,2.49
4d6110fc-c6f7-4e68-9bc2-2f4c85b10543,7.470000000000001
4d6d16e3-81d2-4230-beac-953a4ecb3619,17.43
4d711cad-dff6-4c32-95ab-282069f7469b,19.92
4d9b57bb-a992-491b-a6da-e81e8a9db449,7.470000000000001
4db7f9d9-7e3a-4ffe-9d2e-f07ff4d54a97,27.39
4df11e86-0c4c-4590-a9c4-179611e6f17c,12.450000000000001
4ec817d6-f5d2-4fcc-97bb-a8126f8927dd,27.39
4ef9d20b-f4f3-43fa-a554-1bf2e474d4f8,54.78
4f504845-2bc0-4155-b1e6-b5fa9a3f8004,19.92
4f758e00-7a40-458f-899f-ec538b503a48,12.450000000000001
4f7febec-f8f5-491a-a719-bddb7af58b36,4.98
4f97ef94-0df4-4e6f-93bb-718af305b2ea,2.49
5015bea1-2e42-498f-aff3-e4b83c0914a3,69.72
502930ef-fe7b-4fd2-b7e6-6d456e68857b,4.98
502cb036-dc9e-477a-9384-a0e489910337,2.49
50c783ab-4c41-43c7-93f5-015e66bb3bff,2.49
50f37932-5c8b-4266-9a88-1eebc894b609,34.86
514a4ae8-b093-4fb8-be52-22898a9bba45,4.98
51a15015-5540-438e-a830-fb38220b22ac,7.470000000000001
51b296bc-dd2d-411b-8dd6-378185d66f78,14.940000000000001
51c2db65-5726-4883-b9d1-21ca38277e0f,14.940000000000001
51ea7865-1a00-4032-9047-0418192428d8,4.98
536823cd-bacf-4787-968a-feca3c5ca9f5,4.98
536bf164-2378-4d62-8897-4c028d06778d,4.98
5389542a-cd98-4752-9361-243110b6df41,7.470000000000001
53a2bab6-354d-4d97-aa76-280c1ddc739c,12.450000000000001
53f3f808-231f-4cb3-8c34-cdeb76e84e19,7.470000000000001
5415ded7-0026-4155-ad8e-b4a41c0fbbea,27.39
541b4f2a-e582-4e3e-83b0-c71e5c285b7e,2.49
544db38c-a3db-4c01-b169-d806adb2d7c9,2.49
5453acce-d5ec-4d02-b542-6ad1b00c99f9,7.470000000000001
545af74f-9ae9-4637-b5d7-0c6f3d0e84d4,12.450000000000001
5474e79e-ab8c-4d3b-926e-e76d90297af3,52.290000000000006
54c9dda1-1147-40c6-bdf3-21c60bb7d01a,2.49
550fee64-2daa-4eab-8fe8-aa6d3298776a,9.96
551a4e12-6915-4e51-a438-fdc879cb9065,54.78
552add93-7211-4921-a189-09c456ef7fe6,2.49
55b482ba-335c-4c74-a0a2-d43ea326f9a8,4.98
55c5878e-44d6-4c97-8b1d-7e9e6a04ea1c,2.49
55e951dd-1a5a-4d7a-b9bd-a7f4ef685fe4,2.49
560bc589-e209-4c69-a3d4-db5258fa0bc6,2.49
562c3643-491c-4e85-97b3-b2c520f92dad,12.450000000000001
5660fa37-e20f-4d25-a808-6cd35aa752e4,7.470000000000001
566162f5-a5f5-4017-9b6d-b6dd6aa578bc,44.82000000000001
567852ac-de9e-42c9-86c8-b520e8f4a8c3,2.49
567964bf-2a9c-4d8b-a09b-ffd36a2d0ed1,24.900000000000002
567efc48-552b-4043-a3fe-17ea6eda20ac,54.78
56b9036e-0943-4aba-b9f9-802eadb97fae,27.39
56db99ad-c6f6-4851-aa60-65d1513a0171,27.39
56f7f892-6d50-48fe-bde2-1fb00f9c5712,4.98
56ff2b29-c0b5-467e-84cd-8dadcbf79380,19.92
572ec8b9-efc4-4318-91b1-43ac24207e5e,7.470000000000001
581f8551-47a6-4e92-8643-d515e11752fb,14.940000000000001
5857e96f-c398-4f32-85c4-afb874f61e9f,7.470000000000001
58bf4aba-d4d1-41ef-851e-90ea26fddc5f,2.49
58eca27f-b35f-49eb-a4c0-2b125dcfd45c,54.78
59d58aae-a365-4df6-b0c3-fda761557d0f,7.470000000000001
5a251701-b201-4327-9025-2bd951ca4dab,7.470000000000001
5a3aabf1-78b8-42e9-b193-35361319a9bf,67.23
5a9332d4-9979-480c-8ba7-6ba99a9faafb,2.49
5abe6ca6-addd-4aee-97b8-9bd0e63563d3,2.49
5afec7cb-fe23-4aa9-9efa-8ea5ea7a0dcf,2.49
5b23e06a-297b-4898-a24a-9c535bf5fef3,2.49
5b8065eb-7e7c-4e9e-8369-4cd4152a0f1e,74.7
5b894f70-f9e1-44af-ad31-892026d660c1,9.96
5c22811d-662b-4551-98c0-8ba76703cb67,2.49
5c22c096-0253-455b-a6ee-146416bc54c8,57.27
5c5defd5-9538-4517-adcc-0bb5881284b7,9.96
5c70988c-7b21-48b5-a792-704b4496d1f3,7.470000000000001
5d1ffb1c-9e0e-4d54-adfd-090b996686cb,2.49
5debc65f-dbb8-4f05-ab7e-f4ebb1f5bdf5,7.470000000000001
5df41101-7927-4d76-9dac-ab07dfed44bb,54.78
5e0c2909-c1a6-43f8-9862-067dd266a0a3,22.410000000000004
5e1587aa-48d8-4860-b306-876b5cdbc97e,9.96
5e8b800b-8c9d-44bf-90a4-e50c3513313f,12.450000000000001
5f5bdb74-f1d2-4e78-9b11-cade1f2a534a,34.86
5f5cca6b-060d-4396-9c3a-5035e649caac,9.96
5f6aef5a-68ed-4578-bb89-c32f8d720738,12.450000000000001
6014078b-025c-4e9f-9f11-6a013c6b72a8,19.92
603021c6-edee-4019-8585-aedb7b2b42cd,17.43
605eaedf-b0e2-4b5b-ba4a-9af9b98ea51f,7.470000000000001
60e440e9-cda4-496a-ac09-816c199d6ca6,49.800000000000004
6155c41b-2f28-4ff2-869f-fe67320c56aa,12.450000000000001
6159c3d7-064f-4fa9-84a6-977737db42fb,4.98
615d709c-58c9-4c2e-9397-84c33e6916cb,7.470000000000001
61aa3688-721b-48da-9b06-1a81584a4cf7,2.49
61d24308-0a73-41e6-add0-12ee7c8bc45c,4.98
61db907c-01c4-4b16-9a1e-b8632257fd15,4.98
62bc4dbe-74eb-405e-b4d0-1347f8939339,42.330000000000005
62eb65da-4cda-4045-8ff7-1b22056521c6,47.31
633fbd5b-a474-495d-ac07-4692b6dee2f3,7.470000000000001
640d75ac-38ef-4831-bea3-b131dc97475a,4.98
64940d9b-3a27-45bf-8665-d23b75bf457e,24.900000000000002
64a4ff35-49cb-4fd1-9154-df51a8476ceb,2.49
64ced56f-00b8-4609-9da2-744f27cf993e,22.410000000000004
652d13a8-db12-4c78-951b-0825eb1f9275,4.98
6539613d-ab32-4399-bb92-23b91726e422,4.98
65a30073-0edb-4417-8a3f-b21388059abc,4.98
65aaeabb-2f88-4c45-81ba-3d66262fe7d2,17.43
6653ebe8-361f-4a40-9f7e-47c9c096d751,2.49
6686c0f4-e6a8-418c-96f3-bf16667cc9dd,2.49
66af5759-5297-4d30-8d11-caa213d7703d,27.39
66d07576-a6b9-46f1-a407-479118e90159,34.86
66ff60bc-0b8e-49e7-a661-792dddcea8e9,2.49
6722e82f-bd7d-468e-87e0-8babf2c92c31,47.31
67822935-4c3c-45b2-ae43-ae340884d2d6,49.800000000000004
67a022ad-1d6f-46b3-88b2-1603120745a9,9.96
67a0aeea-1aea-40c6-b2bc-13f9510252da,14.940000000000001
67db2ae4-36c3-4664-bbb8-6db1b743ed0e,14.940000000000001
682f8a35-1f96-4999-8d8c-97f7db2b7e98,54.78
684699c7-fa7f-414d-ae7e-454ab462130a,2.49
68c4bba2-74b8-4c2d-8a2a-ebcf4b4e211c,12.450000000000001
68ebe9cb-fb90-48f6-a12c-44c46211391b,2.49
693c0a4d-cc6b-4615-bc66-26a57c79a3ee,2.49
69458f10-7b6f-40d5-9ea9-1e968777cadf,7.470000000000001
694b334f-3d9f-409a-b90d-19c526b2d114,12.450000000000001
6a3b025e-c301-4adb-a5d7-fc667f46c267,12.450000000000001
6ac14a98-9c6d-4426-8a67-ddd03da6c16e,7.470000000000001
6b0d9ea7-9057-4a45-94cb-a030da17ecbd,2.49
6b5380e0-4b76-4a0a-aee5-41963557d0ac,64.74000000000001
6b97a706-31a9-454e-b5ac-f542242b58fa,2.49
6bc323e1-82c2-4d38-adb2-7a4f080efd12,24.900000000000002
6c219218-753c-462d-8d02-51e6178dcdd8,24.900000000000002
6c3416cb-ddbd-4ca1-9225-0989444d5a1a,2.49
6c3bde94-ae96-4fff-b5b6-cc60fb8b587b,74.7
6c6aee64-f5ab-4195-873b-ded4fccde42d,37.35
6c85c937-9392-4262-9948-b16df9f8527f,19.92
6c8ffef9-cc25-4eb5-a7af-23574117757d,4.98
6cadc7ba-9bc5-402d-b358-af7012393363,2.49
6cfdfd75-a6e2-44d9-ad46-be005a2aa977,2.49
6d09a73c-75f5-4e6d-a8af-887ab337084a,2.49
6d1da352-6bcf-4b6a-87fe-60576386b07d,2.49
6d34c7f0-469e-445c-ab44-a13461a1f445,2.49
6e0d58b8-ed3b-497a-9d49-4337cf347f98,2.49
6e398ffd-1165-4ccd-92d2-de4351cd1f95,2.49
6e628c5c-b713-4194-825d-cf4677a44bb9,2.49
6eead504-46c1-4308-b82f-3e15d2167e0d,52.290000000000006
6efdf52a-d408-4d9b-89ae-56a6e256c51c,7.470000000000001
6f12de52-1509-4848-8b6d-dea85d8b49df,34.86
6f5e519b-7d9d-410b-a3d1-edc0dc220767,2.49
6f8592c0-fb4c-47dc-9344-424eb5d88a4b,2.49
6fe6276b-495b-4219-923d-bd58b2e19da7,54.78
6fef43ca-f71c-4d64-812c-b2445db37eb0,2.49
701e0515-48b3-4e0d-bd9d-5bdf9e3b0de9,2.49
7021bc0a-a6cd-478b-bbda-3c2aea9ad151,9.96
707b713d-54bd-4315-ae22-9e9f64234900,4.98
70f4b9da-9c9d-44c3-8b34-9f87c01bfc82,37.35
710526c0-9ec2-4f87-bf1e-f93edde67243,12.450000000000001
711cc61f-c45e-47b3-8278-7118d7548b5d,74.7
711f25ec-9991-440a-9bd0-2ee7ed82f2b4,4.98
712f9964-bcbb-43dc-814c-8137aff2f2c7,52.290000000000006
713f4721-a169-4c5e-8ca3-3c30daa99578,49.800000000000004
71624e8e-1474-4284-9273-d01a6c8579f2,17.43
71755255-ff11-44fc-9233-666b30862d60,2.49
7183a910-bc7e-4e41-bbe0-a3888bf1d567,2.49
72637cdf-644b-49ff-9fd3-8c9d48ff2c75,2.49
72f9c7bc-703d-44a8-bbf5-fca042b2577b,27.39
7328ebcd-9408-49e9-acc2-5d6bc03d75e6,7.470000000000001
738bcb60-8063-42dc-b52c-91effceaef93,2.49
73956b73-bbb8-4914-9241-116dabecb128,9.96
745329c6-ef17-493a-816f-024735defd69,7.470000000000001
7473a86b-5d59-46fe-8c5a-7b72ab59c05a,2.49
748e8396-c43a-4258-b14d-302b574cd3ad,4.98
749c22c0-8eb5-4e23-9d73-0ee79bb36b72,2.49
74c68891-2965-4d6b-ab67-296ad3b77bd5,7.470000000000001
75061e72-d105-474d-9293-ea54195ab1e9,57.27
752e426c-2c82-410f-82c6-25b1de725f11,34.86
753a9c47-10f2-4f57-a83c-970686200c1e,9.96
754df7ae-b33a-4cc0-90bc-23807207daba,14.940000000000001
75557bb6-57c2-4f96-b5dd-be919d1110fb,37.35
75cad24f-dec1-4036-9a59-a245e575b6c4,7.470000000000001
75cdc76e-1312-4377-b236-3a9cffeecf94,2.49
764f04f4-245f-468e-8eeb-6fce3f22f71b,7.470000000000001
765089a7-36e1-4400-965d-39634970be75,69.72
768db5c2-791e-4d93-b0db-f1241f7d7078,44.82000000000001
76996b6a-696b-47bf-a9df-913bc0a08591,12.450000000000001
76a5cd32-e4b8-4fb2-9c2d-b61b6e783074,7.470000000000001
76bdba72-6d19-4d6c-9383-1751261b2d54,14.940000000000001
772118db-b66e-4c9f-a48f-910b31380948,14.940000000000001
77b006db-931d-4a6f-898e-096e6ae6cb8a,2.49
77b54588-75d2-4027-9a36-7d5a696fd947,2.49
77cbb3cb-a1db-4089-9c2c-d3f9b574840d,4.98
77d50099-8958-415a-bb7f-b592d3a56331,12.450000000000001
77daab89-a7fe-4b65-9d46-3bdcb9b3b767,2.49
78723a9d-dd53-43ee-9d1c-5fde2a687b50,2.49
7897a007-f104-41d0-938d-a2594d9b9aee,7.470000000000001
78a3d7a9-a5e1-4b72-b37e-aec5a38e09cb,4.98
78a6270d-ffde-44e0-b0e1-4005a9232e27,39.84
791db99e-372c-44d6-897e-a7b83a0d397b,2.49
7921bb15-a4a5-4335-bd3a-74e194653d65,14.940000000000001
7a02260b-11c7-4925-b7ad-65c1a926e9d5,2.49
7a203b76-a774-4c0b-aee8-5327e2b6e917,12.450000000000001
7a3f5bfc-46af-4ac4-b276-6f6334326182,2.49
7ab4ae75-d9a1-4cb9-8f15-57699bf75001,69.72
7b54138b-1c0a-4d77-98bb-cf8935134a11,7.470000000000001
7b8e374b-8f07-4db9-a624-9c1dac5789b7,4.98
7cacdc5a-a319-4813-95b8-8bf703243f47,22.410000000000004
7ce06472-46ab-4cbd-9341-7067bc15581c,2.49
7d01a0a8-5a78-4f61-98ca-c617ec3869dd,2.49
7d13957a-d0cd-4c46-b3ba-355d4b94d358,57.27
7d3b68ee-f590-43f7-ab86-fe14d2ab220a,2.49
7d4ceb9f-3433-4a8f-b7aa-65e94bb1092e,4.98
7d651a9c-5001-474c-8f12-cd79467f6ad4,47.31
7dd0933b-5b99-4ad0-afdb-fc75448f33d9,12.450000000000001
7e31680d-e39f-4416-ba95-1f1849cce770,52.290000000000006
7e8d134e-6db7-444b-b3e2-971f5774c203,67.23
7f2166ac-31a8-4131-b139-515d7bead13c,2.49
7f6024ef-ec42-4e04-859c-dad9e9868c0a,17.43
7f6ec72b-5784-4a9a-b149-64c9050e4869,19.92
7f768d89-5afb-412a-8e39-f81b6c6549c6,17.43
7f7b0a73-3892-4aea-9749-864c1a662a65,49.800000000000004
7f9eea47-3d4c-466f-a9d0-4367993c9133,27.39
7fc3cb08-7a71-4f02-8d8e-346e04fb484b,2.49
7fd1d3b5-6bfd-48c6-b0d2-88eec72f8a6d,12.450000000000001
7fe1e16d-f000-4fef-9a4a-bd438d0c8b95,62.25000000000001
8053d352-ae05-46d9-9ace-955d4b958451,2.49
805c0d9a-072c-4eb7-bda3-9c1f6e01e626,2.49
80872c26-2b28-42b3-9d9d-2c23aa6fef6c,2.49
80d1af64-ef7d-4725-87c6-5555d551da49,39.84
81762e6f-fa3c-4f55-9aa3-f68de738d6a9,2.49
81c289d1-33b6-4ff4-9be6-ab15737ecf98,17.43
81f4b7da-79a2-4677-8963-b9011530e5b4,44.82000000000001
8256ba89-6e57-4119-85a7-13aa868acfd1,4.98
826647e4-4493-4e35-8e17-49d4adab1b95,17.43
828f5715-d984-46a8-af77-f6f6f06a8ef7,7.470000000000001
82e8e0b1-5bb2-40c2-8753-29d20aa5b3b4,2.49
830965e4-c482-4fd2-96f9-07e621deb444,4.98
83c3328c-8996-49cd-8399-69aee2b7a25e,19.92
83db223c-703f-4daf-93d1-4ee630af5ce1,2.49
844dc5be-4a0c-4d30-be6c-56becdab7444,2.49
84e40a18-5e2e-4ea4-a91a-fde8e3f2543c,9.96
8504b5f2-5e9d-440b-b88a-a6efc2a6e21a,2.49
8510e2a3-fbc7-4cd3-8f70-70977ec7e482,14.940000000000001
851f9248-f342-4817-8791-1ed6c667ac70,4.98
85d79a55-55c6-42a4-8113-7bf6d88edb80,2.49
85e1395b-e368-4a9d-ac03-484323404e1f,2.49
85f18bfc-d0ea-46c3-9116-76ef5d4c01f5,2.49
85fb2cfb-d961-4664-b959-8f055c8405b8,2.49
85fd9062-3ed5-4f8a-8a45-f179fd139c2f,24.900000000000002
86bb6d86-24a4-4781-973b-cf98d641fe13,59.760000000000005
86da5fb3-5bd4-4c7e-8e88-0f66e40f1f83,2.49
86f2b285-471a-479c-a134-e7a0e1af1e7c,4.98
87047a0f-434d-4704-8f5f-3bef709227e2,2.49
8735c930-d553-4782-898d-b3865c54cb13,2.49
874f8659-099d-4149-8afb-9848ece774ec,2.49
87cbcfd7-d4d8-4ff8-8fe0-628e264c6e4b,7.470000000000001
87cc208a-f93e-475e-bc01-21965916b60d,2.49
87f52127-4dbd-482d-bbb7-f81134e9709a,2.49
8829869b-90dc-45fa-8911-32e51e4cd9e5,14.940000000000001
8842f763-cf44-411c-b4ea-79b95c205e15,32.370000000000005
89059683-16a0-4c40-9ff3-fcb44fa6d38e,2.49
89276544-eaa7-4b97-b099-592cc39897b8,7.470000000000001
895dfc41-d9c1-44b7-9915-4ea830bb5773,2.49
89d19767-3da9-4854-865b-26bea761cf8d,2.49
89eef408-320e-499e-ba09-0e342ea6aa54,7.470000000000001
8a6b9151-dbbd-44cc-9efc-cff8bf2e8e08,2.49
8b060d69-2383-4493-9e06-1d70883b90b7,9.96
8bae45da-eda1-4f25-aec3-3bf2cdce3c09,4.98
8bf76285-9b2d-45c2-9fdb-43434ec09dee,2.49
8c861e55-9037-45e7-ab9e-11c8d093fd7c,14.940000000000001
8c8e4f9e-83c9-4c97-9f13-7a77e0807a72,9.96
8c9371ff-cba1-4e55-b093-822a4b9c56d8,54.78
8cf019e5-ca71-4b82-9294-87047a930be3,9.96
8cfed89e-2a68-41b2-930c-e395b8be1f27,2.49
8cfee455-2a5c-4cf0-9889-7654599b01c3,44.82000000000001
8e382c0e-30a8-4ad8-81a4-25db9ef83cae,24.900000000000002
8e3f6145-267d-46ea-ba6f-8d14f7c30cb0,37.35
8e5db554-859b-493b-8425-0cc415bf86a4,2.49
9070dd82-0b44-4c42-8c6f-76fdccf1d45f,77.19000000000001
9090d427-d01f-4e53-8228-2d9adc3ab51f,2.49
9102a32d-1ae4-4893-94cb-e4e8f465e57d,2.49
91956ad1-32be-47d0-b6fb-3594212d4b5c,4.98
91996344-a94b-4f64-91d7-bd820248e4de,72.21000000000001
92097b3f-61e7-4e1e-9179-0c6e118f44c4,19.92
92313d33-b0be-4426-9fba-6a10b5e1b39c,49.800000000000004
926027d8-6010-4c5f-93f3-b6697573312d,29.880000000000003
9286f706-78ae-41ce-80de-9cff769282a2,64.74000000000001
937aeba0-56a2-4242-956f-7b9ec08c0d6e,2.49
93b92127-09fd-4058-9884-9de35a88a9c4,7.470000000000001
941b9bac-f51a-42b9-83c6-35ec16658f15,4.98
941bb6f5-8a43-4fd3-bcce-d6f659e2d3ce,2.49
94310fa2-99a9-42e0-8cb5-d0f381baecea,7.470000000000001
94361ebb-5b72-42c1-9d84-d254d34c4cbc,19.92
9463338e-1414-4d99-bed8-6845755cc97f,7.470000000000001
94993712-a51a-4838-8b95-57dabce80eb9,4.98
94b17d84-8897-4f0c-8548-b5bb4cd8bbf6,2.49
95170153-c5fd-4b46-8c6c-18d0b74e4d8b,32.370000000000005
95287b91-85af-4174-9986-aeafb3853bb6,79.68
95b1e61a-416c-4843-b835-747d2d923e49,2.49
95c53fa2-879d-4139-ae90-3800b241b6be,4.98
95d83c21-8605-40e1-89c2-1fcd09e104a3,79.68
95f1ef17-9cd1-4d5b-9853-a7539983437f,79.68
95f201c9-6dd4-4f7a-b30d-6fc3dcc88e0f,9.96
960e0e7e-ad6e-413f-85c4-d116ed01525b,17.43
97276ce4-ece9-438a-8632-ef9e7992fc68,2.49
97484784-1e24-4d43-afea-cfc4d4b9c315,49.800000000000004
97f81068-e4d4-43c1-a325-bab80da870bb,34.86
981e17af-2204-4ebd-b591-a848a01db808,14.940000000000001
987abdfe-6398-4d6a-958b-553b6938eae3,24.900000000000002
989061c8-a539-4a2f-84e3-8f29b3b22b80,52.290000000000006
98a5e197-a17a-478b-ae35-3d4fa50bfe58,54.78
994f6673-9368-46bf-b3e8-f766b9f6ab5f,2.49
998a4e32-f604-4edf-acf3-23239a813cee,2.49
99b6cce4-adb7-47ef-b03c-134878ac025d,52.290000000000006
99c34919-1222-4977-8daa-713ddb0a0cec,4.98
99e3fc89-3e24-4d85-b6f9-0c2838b60e18,2.49
99e9301c-8641-4d6f-b89b-053aa3d71be0,54.78
9a222438-defc-4fdc-94f4-128c6d27785b,47.31
9a64eed8-8452-46e2-ad8f-e3dad32dc087,12.450000000000001
9a92ae63-f9bf-4086-bb2f-c0a684c617dd,2.49
9bf89ffb-8087-4bc6-bbb7-87028d40aa66,34.86
9bff708e-90da-4dcf-88ad-a7943ca2507a,7.470000000000001
9cca8834-d874-4730-ac92-77d7ce7f627f,39.84
9d3d1917-2edd-480e-9db8-0a713d882876,74.7
9d3d66ca-4220-444a-8023-da76361182f4,2.49
9d8000ac-003a-41c8-8f37-8150024b40ca,47.31
9da13932-d28f-4476-8624-6f4a11a73ada,2.49
9da4d3b6-81e3-4ac5-8943-61dc7fa5d60f,12.450000000000001
9dc52c2c-901b-42bf-9064-232ad99cf354,17.43
9e516039-b167-4370-afc7-3ff0fde56bb7,2.49
9e54aa0c-8126-4467-af5f-404e4db1188a,7.470000000000001
9e84826b-f5ba-46d9-a99f-a657f15441ab,12.450000000000001
9ea1e8eb-4a63-4487-99c9-53840ac9db97,4.98
9ed9fddf-53c9-471f-ac32-5f361b1ccb13,2.49
9f7008ee-92c6-4d83-87a7-02128f4b985f,4.98
9fca445f-6ed2-4344-91ce-2bbb9e197613,2.49
a06ce52a-e6e2-41d3-9b6e-1bda3ba2c2ab,9.96
a097e2d0-2eef-442f-8242-f9b4f8516efb,2.49
a09e2a47-d2f1-4ab4-9fd3-dc37aee4094f,9.96
a0d041f8-2fe8-48ba-bb0a-448712f0e065,17.43
a0feee4f-42ab-4b85-933e-d2f96e3aeaf9,37.35
a138080c-c309-4cfa-8458-fa828a9e24c1,2.49
a1b866af-a401-4eaa-91e8-6cc61e82f471,2.49
a1ff2d20-3a32-429b-b865-5f948b4e5031,9.96
a2610f4b-e1b5-4ba9-934a-ff7332ea8571,32.370000000000005
a2d86768-54ef-4b2f-bcde-e156ac4bc8a6,2.49
a2fccd44-3bee-4453-bdb1-38c0c632ca4a,4.98
a4133bba-69bf-48ef-ad5b-171fccbaf903,39.84
a41664e6-e436-439d-ae8a-d5db44fe173d,2.49
a424fa2e-eb94-4460-b92a-6f2496cb5f01,4.98
a4984103-cefa-4e72-8267-14d8eb58e6a3,52.290000000000006
a4c941de-b4a2-431e-b882-38b78f6e6fbb,12.450000000000001
a4e109d5-ff49-4900-a96d-da9f8a722ca5,9.96
a55e397c-5047-4040-ad39-3a0a5784b353,2.49
a57d30e0-ff23-4110-a492-ce53807919b1,2.49
a5c4a743-67a5-417f-858c-821beb7e308c,2.49
a614a3c2-97c2-4ac0-957a-e1441aa90971,7.470000000000001
a6c551d2-9518-447f-83fa-1a92f449c825,59.760000000000005
a6e30fa0-d4cb-4daf-950b-8298e46b01c3,4.98
a6e74259-3a29-4090-a4a0-3f9ce6270498,17.43
a726ee76-0339-4522-a26a-d3ff498d767b,9.96
a72ae5be-1795-4fdb-b9ae-365ce7cf5488,7.470000000000001
a767be78-cbc0-471e-b4ff-c1f5caf80bd4,17.43
a7d3295e-5be3-4b6a-a5a4-60c36489c608,4.98
a7dc6165-bebe-4879-8e62-05339ffd7499,2.49
a7e11098-4b6f-465b-9e94-612cd075ee4f,19.92
a8195067-a701-4453-b93b-74a352220580,2.49
a83a95e0-c9f2-4611-b5e0-5c7f8dea9cf9,4.98
a883196e-e8c1-4c90-8424-ba8b7ed0b578,47.31
a8cfb276-4254-45c0-ad21-a271b9ede056,2.49
a90d6c8e-1433-48fb-9773-cf9915d36c2c,42.330000000000005
a940d6ab-9a97-4382-a567-a1a0e69d1760,34.86
aa93e710-e38c-4fa5-9df4-2517435da8b6,29.880000000000003
aaaf0f34-5b43-491c-9360-c1750d1d77b7,2.49
aaec6123-e8df-4b6c-8f8b-402ccfb447c1,2.49
aaf7264b-5937-4698-8473-965ee2c8b081,2.49
aaf9e7e0-c49f-48e3-819b-090c6426b45a,2.49
ab1defbe-8081-4958-baf8-bf6bb42d492b,2.49
ab58856f-659c-4227-b7ce-ba3dad56c56c,2.49
abab6a03-04b4-4835-95f9-3bb6fb3d51aa,27.39
abde1b8c-30c9-45b4-87cd-dcae9290f0a2,72.21000000000001
aca3d061-f5ab-48b2-a28f-6a33986693f0,9.96
ace573d0-3e0e-462f-8b8d-8262a08cf58c,2.49
acf3e1f5-8c38-4739-93c9-beed1fa13ba8,2.49
ad22a6c1-cfbe-4d51-b8c4-542a4b80726d,4.98
ad586db5-3f82-47a9-9576-ac82512efe94,2.49
adec9c29-041c-4c60-b45a-b47cc792befd,17.43
adf08a6c-6018-488d-98c3-a8659007cc6b,44.82000000000001
ae034181-f9ad-48df-a76a-c1f2ba042888,4.98
ae358b24-30a4-40e9-b769-89eb43e4fe1f,12.450000000000001
ae3936c1-8306-49dd-9ac0-ee992827e0a5,2.49
af5ecd73-4bc8-436d-8a0a-888831617b89,4.98
af8cb015-6765-4b84-9e30-9dbe82c995d5,4.98
af8d6086-a3d6-4067-8960-983b29176ec7,2.49
af9bedb0-ec97-478d-ab6b-c8ba0c33d683,9.96
b00677f0-da51-48d5-9986-876e9486e0e4,2.49
b044b5f2-94ad-4182-b3a8-c459d35ddc29,2.49
b0985fd3-c650-419d-821a-84ca9d26a25d,9.96
b13afdba-daa4-4755-b707-69a11d9f4221,54.78
b1bbac6d-986a-41d9-bcf9-2643f949fd3e,19.92
b23ceeb3-5b3c-4c53-abc6-204d197bf7ec,44.82000000000001
b27c663f-55dc-45e7-949c-111c6961de2b,47.31
b2856340-ca09-4ef8-bdbc-6de8b68d1ca1,42.330000000000005
b30d89aa-8657-48ba-9a4b-e9dd7d0c016c,2.49
b378d9bc-9da7-4c62-896e-9f99e9b5b6b3,32.370000000000005
b37ee5ac-59ab-4d29-8b89-656975dc5fb9,2.49
b4047e5d-c968-41ed-992d-e51ffc48cfdf,14.940000000000001
b40a3609-02ce-4b3f-bd3c-1373d6d3f933,12.450000000000001
b41146fa-0c8d-44f6-8a3a-45d761aa5a1a,14.940000000000001
b4b95cc0-183b-4196-99a5-56a342fc8147,7.470000000000001
b54cabdd-357d-4683-81bd-97e22cb1a824,2.49
b5fca775-21cf-4940-8e72-e0ac0e57381b,19.92
b626e4f8-9dbe-4904-9c7b-aa13e5cca3c6,12.450000000000001
b678c7c6-c5e3-4d2d-a454-a1acab852d91,17.43
b73a543e-490b-4192-8c02-d5508b9c295d,4.98
b7a2e4f1-24df-4bfa-94cd-bbac1411d05d,2.49
b7dcb6a6-4fda-4bfd-9ec8-6b06b36296a1,4.98
b7f2a03e-695e-4e45-aa47-f32e351f44e3,2.49
b82c7e88-e6f4-4907-9321-d7559a8118d9,24.900000000000002
b8528b51-fdea-40a7-814d-83d9c5833b29,2.49
b874aa41-b0ae-4332-9c0f-3315bc3326b9,2.49
b88c7ff1-bb2e-4a9a-bf3e-b628dd3ee227,4.98
b89b34da-9870-4a3a-a0fe-8351d875e873,9.96
b8c8510f-1c73-40bc-a1f6-06b101a9b711,2.49
b8c85302-484b-4576-a699-716edd46c5b1,34.86
b91bee83-5beb-4502-9d48-10a8c4c70eb6,49.800000000000004
b9281eb9-2780-440d-a5ac-b137c877b1fc,24.900000000000002
b9930ef3-abf4-4ada-91b9-76e4b0f62b19,32.370000000000005
b9e93b54-4fe6-4396-b6d7-ce16df75fe3b,4.98
ba535657-c8bc-46ad-8846-a1d822559a3c,2.49
ba7220a3-b7ab-4020-907d-4645e61088f0,42.330000000000005
baa3ba27-68d6-43fb-a9f8-7852194b6598,9.96
baff6e20-0e29-4e08-8f75-552565e1ac14,17.43
bb0a5870-ab1b-4072-995c-0b660458a137,2.49
bb4ea07f-21b3-47ad-9a41-3c9c596f3224,4.98
bb7e5a90-afd0-4186-a5c4-6947783c15c2,17.43
bb8bf368-85ab-4e98-ab5b-aaeba5291b31,9.96
bba2acce-b520-4f33-94cb-c21641bb9043,14.940000000000001
bcf4dd40-bf3e-45ec-8994-3578e29628da,2.49
bd2d9f11-a8da-4571-9e21-36cd18051131,2.49
bd993d71-3151-4c87-addd-17db3c9a3e25,39.84
bdbb48be-217a-4e4c-87f4-07fcb8b84b1f,9.96
be4dd43d-3f8d-45cb-8282-853c0473c70d,37.35
bef61088-1d08-44db-a44f-a7cf324da47e,34.86
bf092248-eb5e-4998-84ff-cbfe0aef5a01,72.21000000000001
bf6453e7-0ce2-49b5-9dbb-9530fa31f4b3,17.43
c045deba-2d8a-4bbc-8951-a01208bab62b,4.98
c07d3ec8-678b-4ac6-af22-47006baba461,19.92
c0a5857d-d0b8-40d9-a6e5-05fe6c7eb10e,2.49
c0cae2a3-dc49-42f0-b768-21d2404e1615,2.49
c0d20278-6647-4d92-8bc5-3d7bca190048,14.940000000000001
c12336f0-4526-419b-9272-a03c48141bbf,2.49
c1389c52-5f15-45b9-836d-aa7c6fc4dcea,2.49
c15daf4b-6fe2-4ab6-ac22-bf499557375d,2.49
c1ab8e39-ea41-4bea-85f5-8d23255f379e,29.880000000000003
c1d8ce86-7c0a-43a9-89a6-2d2f433c993f,2.49
c1dfee9a-42ac-4c0a-b9c6-aa45aec69bde,2.49
c2dabbe8-604a-41b3-8cd6-82677ea472d1,57.27
c2dfb480-755a-44dc-82f6-9b1a9dce5d4a,37.35
c2f23960-d003-4c55-a058-f28ea7028e99,2.49
c3167b08-1117-4c16-9b25-77a58efd2b89,2.49
c39cc19f-8f93-4e9f-a7e6-79978a34d32e,4.98
c3a64f66-2a7c-4253-9ba8-2a7b6d45c502,4.98
c40d27f9-3f40-45de-a0db-f684dc5ff196,7.470000000000001
c4121110-fe0a-4188-bc8d-f5cbfbba3ef0,2.49
c41fa73e-522b-4b0f-a84b-fc051ff44673,2.49
c499d4a2-23a2-4db7-83cc-4cddb9e1b0a0,4.98
c4b0bcaa-e005-471f-a85b-b79e6d67e576,2.49
c51c01d3-5553-4bf2-831e-3de5838338da,54.78
c581c8fd-89c8-4012-a6fa-83a0b3f33288,44.82000000000001
c5a50e89-1166-4f60-b279-245bd8950192,39.84
c5b37f77-6a9f-4377-9e52-c4bca83ff7f8,2.49
c5d45765-2281-493b-8e3b-d43ef23608c6,2.49
c6331fea-fb89-42c5-b3a0-2047b85f8fe8,2.49
c662dff2-6600-42ec-9dcc-78b4891b536d,2.49
c75e877c-b6a7-4cad-bde1-1ea1069f977c,2.49
c77c2ecf-9e24-4871-9bdd-5004e0d2935e,4.98
c7ea49f1-f40e-4533-aa8f-4a3fdbc58105,2.49
c7fecfa7-93ae-4b6f-adf0-d6fc65add59c,64.74000000000001
c8074985-6b9e-4362-acad-8a5450e5365e,12.450000000000001
c818c20e-d172-41a1-8bd8-b0a6cd8423e9,4.98
c81c342d-9d02-4ca7-b70b-7649e5284718,2.49
c83ba3ff-4364-49bb-a595-5930e29645ff,67.23
c8aa75cc-65d2-43b0-886e-42400026bf87,9.96
c8c8654b-367e-4527-ad4f-34b1dbdf0529,19.92
c94f0926-d3df-43a8-9dc8-f36f94e55902,54.78
c99a9a87-25ac-4d81-adaf-77fa0fe40041,2.49
c9f44026-2e74-46f4-b5d4-2127e6d25a31,2.49
ca3f09a2-4e23-472d-82fc-d85500cf52aa,2.49
cbad0d8f-a0d0-485c-84b1-f865587065ae,17.43
cbf996dc-eeff-4151-a498-c5ff36551251,7.470000000000001
cc1593be-a2e3-43ab-b176-1e0f82d853e5,4.98
ccaa8e24-8aee-4910-9e4f-397999fe5ff7,4.98
ccca527e-0929-4016-b65d-fb8f54bfabff,2.49
cd4e595f-21b5-422b-982b-4c37cb4e463a,9.96
cdad4ea4-8393-41af-8526-58497b3e1512,34.86
ce1d6d7f-7613-4eb1-854c-c56733d6ab37,22.410000000000004
ce55a541-8870-438f-9681-301accf3a71e,4.98
cea78f9e-8dc8-468a-a93d-dcc04162ee28,2.49
cee3de83-25b8-4a08-ba38-ab21836c138d,57.27
cf113f8c-eb28-4bce-82ce-463ea2c663e6,4.98
d068e12f-8479-48ee-a914-a433c0394b13,24.900000000000002
d14fb381-e66e-4e0d-a002-07236cf32de3,74.7
d1671936-d84a-48f9-934e-0657a42a3aa5,2.49
d17bc6b9-75f1-442d-88f2-f63af4e05622,2.49
d19a80aa-06eb-4e2e-a376-7f17a8e450aa,2.49
d1ffc442-14df-4bb0-9706-0559ff95bc22,4.98
d2780b16-0a5e-4731-a795-75c0ca05b688,2.49
d2a0ddfe-cbae-47c1-9b37-13c05dab773f,19.92
d2c13a07-f459-4063-97fd-bd3af49048d7,2.49
d2daf247-bbbb-4fb9-9d70-c3081b68d3fc,22.410000000000004
d3084c02-121f-40de-ae62-400c84d7c6aa,2.49
d34e0a94-dee4-4b1a-aa45-04ca790e55b4,4.98
d3da61ef-688a-48b8-bb3a-859a0ebe6af0,44.82000000000001
d44af7dd-08bd-403c-97fa-823c68728986,2.49
d47e9b54-524a-4637-80e1-dc6a9b2320e2,49.800000000000004
d48b5e71-e5bd-4a64-bda4-343239f2efad,54.78
d4b1a613-7e6a-4d66-a4c5-ebc578ca4f79,7.470000000000001
d4e5bd9c-a1c2-45c6-a727-b90aef37fc3b,2.49
d50d25cd-2db6-49a7-b925-22ba505af471,42.330000000000005
d5d3dfc5-2805-4fb5-8839-c6740d0adabf,4.98
d60717c1-ab81-4965-b668-6e6d1b016482,2.49
d62ab425-a239-45d5-ad94-4c2135c7eed9,2.49
d6f7bfdd-6bc2-4a05-8070-2d1a874abd44,62.25000000000001
d7729a46-a673-4a08-b462-200f8ad3e999,12.450000000000001
d7fa22b0-cb31-4da6-9dca-b0f2b26b24b6,42.330000000000005
d810b52e-05f1-40fb-ab40-a56388c735de,29.880000000000003
d94ca8b7-d371-4d53-a893-36bf37b87a92,2.49
d95301e9-d368-410f-9ae9-5531acc0da24,2.49
d9600dc0-6fb7-4348-b223-d68482089b7a,19.92
d967379c-43f1-447c-8138-27ed353882a9,24.900000000000002
d9762d66-e273-4959-869f-03209cfa4e58,4.98
d9c2ac7c-dc56-4244-8f0b-3ef6b60ad565,4.98
d9d6b606-faff-464e-bf70-9bcb42eda435,4.98
da89ce00-e3b7-456e-bcfa-b40f90f52b74,7.470000000000001
db4765a6-3745-43dc-8ecf-614c3014191d,2.49
db74dc56-017c-4883-9a2e-7842e0d80aef,7.470000000000001
db7aeb4d-d28c-4009-ad85-9990f081cee4,2.49
dbc98703-c719-42ec-9c77-a7cf6b0d048c,4.98
dbd065ba-14b2-40c3-b671-b8896d1febc9,4.98
dbe5a6d4-b57c-469b-9c1c-89e6ede43e77,2.49
dc031bdf-ea1a-4434-a9a6-ec9b5d550a74,2.49
dc508303-a903-41c4-8bff-a5c547e36628,2.49
dcbf219c-2831-4d05-890d-1d9afb2998e4,47.31
dd6c6ebf-c3bd-48c5-b1f6-8dae580a26b3,24.900000000000002
dd885896-78df-49f2-9860-48b7e74528d2,2.49
dda24ddf-50a2-4540-9447-e85b7d228c6a,22.410000000000004
ddbc70c5-9dde-42d6-b12f-8217504d415d,9.96
dde157e9-649b-47cb-b0b9-ed696c9d14e2,27.39
df285607-af8d-45ad-ae70-9ce63cc6701a,2.49
df37ce98-1bda-4ff5-8bda-6a564ac7e045,2.49
df52dbc3-398e-44cd-a72d-dcf792123448,17.43
df839c33-85ae-432c-b517-8b858d68cf8a,2.49
dfbafd93-6ead-46cb-aa5a-58d16bbd7ebe,9.96
dfd37291-aacf-4473-b61d-a6c415c9bc35,4.98
e004f12a-0f53-45a5-8d9f-3716abb935ae,2.49
e092b5eb-7417-4903-8c6f-4c7e8afe2d11,7.470000000000001
e0f45f6f-1865-417c-a524-d37c051a1554,4.98
e13dd319-b93b-49d4-802f-f49247d5af40,59.760000000000005
e20cd5c7-8946-41a1-a68c-76c4bbd2b7e7,44.82000000000001
e2930497-8fbe-4228-8dfe-75a45675df0d,2.49
e2cfcf7e-0990-474f-a9ef-5815b788ebb3,24.900000000000002
e3d1f29b-2bfc-45f2-b7b4-31b678b49531,29.880000000000003
e45da7e2-5bc8-4b34-95cc-7e7315dfe118,2.49
e45e0522-5029-4090-b7de-a6787d7c5e8f,42.330000000000005
e4b16871-bb7b-4fed-8e86-5f08143e1102,49.800000000000004
e4d30ccc-1303-4a28-9809-258dd1fe1e62,2.49
e4ea1a6a-3eb9-4d44-99d6-c4abc62f8b2a,2.49
e5d7d269-bb87-44bf-aea5-cf1666314671,2.49
e631b337-a3f3-4deb-9bda-49d2a22f8751,2.49
e6cd6f22-027f-4ed3-a77c-1081d3a2454e,2.49
e735f787-8e5a-4e09-b796-2cb7bf4274d8,24.900000000000002
e75a765f-e445-4db6-839f-f51a34922256,7.470000000000001
e76e2e52-bc74-47ed-a1e3-2b5b253489b0,64.74000000000001
e79029c3-665c-4163-84b0-07161fe2f9fd,19.92
e7e464e7-5907-4b9e-a948-66a44b92e0ff,2.49
e7eba355-1ec1-41ca-9399-1818c1a2e6e6,2.49
e82f0d40-fca0-40e1-97aa-4eda25af97d0,34.86
e87229f4-3856-46df-8655-dab471496f2e,49.800000000000004
e8e4c2b6-44c7-4e3e-aafb-3f175c246852,2.49
ea5d20af-ccf9-4279-9237-dc15df372b16,2.49
ea6309ea-2a6e-48a3-97d5-639ebbc8d69e,2.49
eac5f376-523c-4e91-ad08-8377c6275e38,22.410000000000004
eafcb032-7aa6-4231-91e9-57a1caef4f29,19.92
eb06e0b0-b5ec-4071-988d-65f21afbcfa5,57.27
eb635c2c-488c-4c99-956c-7f50dc318bfa,59.760000000000005
eb769efc-5aaf-4f54-8189-98d4a8e4d689,17.43
eb88ff2e-eb95-470e-87b1-7eef882bdabf,2.49
ebb5c596-5bdc-4931-9503-dfd367dde3dd,9.96
ebcd1316-395e-48c9-84d0-cac8e0019584,9.96
ebcdacb6-67a2-4aed-a76a-5d2a6ade9f8b,2.49
ebcee3dc-4327-40df-b1c7-a4b96984ba6b,2.49
ebdc9842-f4f0-43b3-a3d5-366c1e2d6621,64.74000000000001
ebfcb1b3-0184-45ec-936c-ebd5ae5e67bb,4.98
ec285c31-0489-46eb-946d-89d7fab74feb,7.470000000000001
ed225550-467a-4d14-aeb7-c66cc0d083ea,29.880000000000003
ed77b652-7f9b-4a6e-b944-5889bab8acb5,27.39
ede3ca51-e4a1-4708-af85-830541c84c4a,14.940000000000001
ee931f33-c517-49cf-81ac-38578ddf30c1,2.49
efa1a810-a869-4278-bc72-2c17d8d4753f,7.470000000000001
efce7bab-7c52-4c36-bb3b-ff36bfa6c757,2.49
f02306f5-1072-43e8-8571-83695e8267cb,2.49
f081b62b-69bd-41a0-a9ba-c060948eccbd,39.84
f0d0941c-e71d-46fe-9bc2-c15a098337fb,2.49
f0f954c3-2624-40b6-88eb-e6fa8590b1a1,2.49
f1098763-6704-4788-82e9-98b09efa8d2b,14.940000000000001
f187aad5-c0b3-48f0-9f79-7e2164cd0993,44.82000000000001
f19defbb-bf3c-4963-a313-e8ebab6d7119,19.92
f1daed35-1028-4608-91da-27d313999bb1,34.86
f2315c84-b72c-4459-8511-e01817a8dd60,2.49
f2819e67-b2a3-429a-9a6a-bd5d5389c916,54.78
f309c509-6349-4294-aef0-2c892ce9291c,7.470000000000001
f38bf861-3873-4c78-af0b-6c11a358ac6e,69.72
f3b2c5a0-217a-4d01-a191-4ea0d83a1065,2.49
f3da1ed3-68b7-4e71-b588-41cad85ef17c,37.35
f3dbbaf9-d7ef-4082-847e-b62b2338b7f8,2.49
f426ed4e-e7e7-4b76-b227-ebafb587b563,2.49
f4a7e9c6-ac2d-47eb-a01d-a22e7498c80d,2.49
f6149807-63c0-4a36-979e-a8d8e6da52b5,7.470000000000001
f626424b-5f4d-4cc0-8e8c-2d55f2d49e51,59.760000000000005
f6621f6a-886c-4126-8886-6676807fabde,2.49
f70dd6f6-17cd-4410-a892-f070c8f69050,24.900000000000002
f76520e0-a499-409d-ad98-74535ded1ab3,27.39
f7776407-7afa-45a1-8815-2346b8d4dcc9,49.800000000000004
f859c22c-5406-459f-a0e6-5fbb3b3f4cf7,2.49
f886b9f4-72c6-4c19-9a48-23d0486ff726,2.49
f89a0503-fadf-434b-b046-71c1fcb1aab0,2.49
f8ceb936-d4c4-410e-bbbc-765d295767e6,79.68
f8e5b1a9-d6f9-428c-ba62-194dca96fa59,2.49
f91e66c8-bf50-43f8-b096-d70067b66e40,57.27
f923794a-7035-4f75-b89f-1b12b69870e1,9.96
fa2cb8c6-dc7a-4f14-affe-8f285eb1d93c,19.92
fadcabde-e44e-490f-9c55-9357d1fa3572,2.49
fb000b3e-a565-4da9-a027-b6cfda32ba60,4.98
fc4172ab-92e3-460e-92fe-5e0d4a9215f7,2.49
fc8c1294-e920-428b-95ff-e08d4bb8f586,2.49
fc95f14b-bbde-41cc-9915-56ef7095f9eb,9.96
fca1a340-f102-49b2-9a98-a28e9b9559e4,7.470000000000001
fd19ab20-1ec8-4e42-bb39-652e943c92df,27.39
fd1ad4ec-4e9d-4eed-bc29-646fc4d7fa42,4.98
fd1c529d-6791-4a5b-a84f-6acadd9e1e98,2.49
fd47424a-25a7-47d4-9c90-09c8f7ac002b,7.470000000000001
fd4ebe1c-c9a7-47de-9159-2a9819f7058d,2.49
fde35176-17c4-437b-81b8-81289814afad,4.98
fdf18680-46c9-412b-86e3-530b40d30904,7.470000000000001
fdfdd851-846b-4c19-93e5-4b40b3f2916d,2.49
fe5209b8-054a-4d82-b95b-dd373cc4426b,2.49
fe7ab67d-d268-4775-8ba8-f2ffb42a9b2e,17.43
feb2ebc8-fbd7-46a1-bb66-faab175495c7,7.470000000000001
fec8b6a1-1bfc-49af-bc87-69679149945f,2.49
fee872ce-acb6-4c1d-ab31-c817b5867577,2.49
feeca102-8532-458d-bb51-7883f3f9a761,17.43
ff9a70ec-9962-4378-9fab-011780499257,39.84
ffd11729-f3b3-4993-acce-c41e4115df46,72.21000000000001
